packet_idx,label_channel,old_level_upper,old_level_lower,old_peak_upper,old_peak_lower,old_shift_upper,old_shift_lower,old_peak_value_upper,old_peak_value_lower
0,,,,,,,,,
1,,,774,,59,,-4,,774
2,,,774,,59,,-4,,774
3,,2670,774,56,59,-3,-4,2670,774
4,,3430,774,76,59,-6,-4,3430,774
5,,3430,860,76,59,-6,7,3430,860
6,,4050,860,54,59,-3,7,4050,860
7,,4050,1008,54,70,-3,-1,4050,1008
8,,4050,1550,54,74,-3,8,4050,1550
9,,5720,1550,55,74,12,8,5720,1550
10,,2068,1550,56,74,11,8,2068,1550
11,,2068,341,56,76,11,6,2068,341
12,,4437,341,54,76,3,6,4437,341
13,,1650,341,35,76,0,6,1650,341
14,,1650,475,35,40,0,-4,1650,475
15,,1650,390,35,63,0,12,1650,390
16,,2550,390,40,63,11,12,2550,390
17,,2550,585,40,63,11,-4,2550,585
18,,3636,585,66,63,-10,-4,3636,585
19,,3636,855,66,63,-10,-4,3636,855
20,,26910,855,10,63,2,-4,26910,855
21,,333960,855,20,63,-8,-4,333960,855
22,,333960,8424,20,32,-8,4,333960,8424
23,,333960,179816,20,67,-8,10,333960,179816
24,,413820,179816,20,67,-8,10,413820,179816
25,,413820,214396,20,67,-8,10,413820,214396
26,,605283,214396,26,67,-12,10,605283,214396
27,,605283,220038,26,67,-12,10,605283,220038
28,,777483,220038,26,67,-11,10,777483,220038
29,,777483,189111,26,67,-11,8,777483,189111
30,,777483,220816,26,67,-11,8,777483,220816
31,,825342,220816,26,67,-11,8,825342,220816
32,,825342,221408,26,67,-11,10,825342,221408
33,,825342,198968,26,67,-11,10,825342,198968
34,,614208,198968,26,67,-12,10,614208,198968
35,,548068,198968,20,67,-8,10,548068,198968
36,,548068,180348,20,67,-8,10,548068,180348
37,,650152,180348,20,67,-8,10,650152,180348
38,,650152,156618,20,67,-8,10,650152,156618
39,,746238,156618,20,67,-8,10,746238,156618
40,,746238,139062,20,67,-8,10,746238,139062
41,,746238,173677,20,67,-8,10,746238,173677
42,,857592,173677,20,67,-8,10,857592,173677
43,,454138,173677,26,67,1,10,454138,173677
44,,537795,173677,26,67,-12,10,537795,173677
45,,541650,173677,19,67,-7,10,541650,173677
46,,541650,204258,19,67,-7,10,541650,204258
47,,541650,197178,19,67,-7,10,541650,197178
48,,488175,197178,19,67,-7,10,488175,197178
49,,488175,180468,19,67,-7,10,488175,180468
50,,573206,180468,26,67,-11,10,573206,180468
51,,573206,184356,26,67,-11,10,573206,184356
52,,602140,184356,26,67,-11,10,602140,184356
53,,491260,184356,26,67,-11,10,491260,184356
54,,491260,224186,26,67,-11,10,491260,224186
55,,491260,205668,26,67,-11,10,491260,205668
56,,491260,206190,26,67,-11,8,491260,206190
57,,491260,199870,26,67,-11,8,491260,199870
58,,496364,199870,26,67,-11,8,496364,199870
59,,584535,199870,20,67,-8,8,584535,199870
60,,584535,173052,20,67,-8,10,584535,173052
61,,637070,173052,20,67,-8,10,637070,173052
62,,637070,189126,20,67,-8,10,637070,189126
63,,703840,189126,26,67,-12,10,703840,189126
64,,679770,189126,26,67,-11,10,679770,189126
65,,679770,230601,26,67,-11,10,679770,230601
66,,805980,230601,21,67,-9,10,805980,230601
67,,805980,239775,21,67,-9,10,805980,239775
68,,805980,197241,21,67,-9,10,805980,197241
69,,725180,197241,20,67,-8,10,725180,197241
70,,688562,197241,20,67,-8,10,688562,197241
71,,688562,151833,20,67,-8,10,688562,151833
72,,688562,158574,20,67,-8,10,688562,158574
73,,705824,158574,20,67,-8,10,705824,158574
74,,695520,158574,20,67,-8,10,695520,158574
75,,695520,197600,20,67,-8,9,695520,197600
76,,587790,197600,21,67,-9,9,587790,197600
77,,587790,202000,21,67,-9,9,587790,202000
78,,527730,202000,27,67,-12,9,527730,202000
79,,527730,220685,27,67,-12,10,527730,220685
80,,411414,220685,20,67,-5,10,411414,220685
81,,411414,217626,20,67,-5,10,411414,217626
82,,411414,215136,20,67,-5,10,411414,215136
83,,411414,199584,20,74,-5,3,411414,199584
84,,511116,199584,20,74,-8,3,511116,199584
85,,584260,199584,20,74,-8,3,584260,199584
86,,554130,199584,20,74,-9,3,554130,199584
87,lower,554130,695889,20,67,-9,-11,554130,695889
88,lower,554130,3033576,20,63,-9,-7,554130,3033576
89,lower,485922,3033576,26,63,0,-7,485922,3033576
90,both,7350224,3033576,68,63,-1,-7,7350224,3033576
91,both,7350224,21857472,68,63,-1,0,7350224,21857472
92,both,68441076,21857472,63,63,3,0,68441076,21857472
93,both,68441076,133881570,63,62,3,0,68441076,1.3388157e+08
94,both,176782408,133881570,63,62,1,0,1.7678241e+08,1.3388157e+08
95,both,327035436,133881570,65,62,0,0,3.2703544e+08,1.3388157e+08
96,both,327035436,193561420,65,62,0,1,3.2703544e+08,1.9356142e+08
97,both,327035436,208338052,65,64,0,0,3.2703544e+08,2.0833805e+08
98,both,327035436,200454524,65,64,0,0,3.2703544e+08,2.0045452e+08
99,both,327035436,200607798,65,63,0,1,3.2703544e+08,2.006078e+08
100,both,323116144,200607798,65,63,0,1,3.2311614e+08,2.006078e+08
101,both,328426264,200607798,65,63,0,1,3.2842626e+08,2.006078e+08
102,both,348239012,200607798,65,63,0,1,3.4823901e+08,2.006078e+08
103,both,363589424,200607798,65,63,0,1,3.6358942e+08,2.006078e+08
104,both,363589424,207403182,65,63,0,2,3.6358942e+08,2.0740318e+08
105,both,363589424,200862858,65,64,0,1,3.6358942e+08,2.0086286e+08
106,both,377410828,200862858,65,64,1,1,3.7741083e+08,2.0086286e+08
107,both,377410828,199761361,65,64,1,1,3.7741083e+08,1.9976136e+08
108,both,378579727,199761361,66,64,0,1,3.7857973e+08,1.9976136e+08
109,both,378579727,198987703,66,64,0,1,3.7857973e+08,1.989877e+08
110,both,378579727,197126577,66,64,0,1,3.7857973e+08,1.9712658e+08
111,both,384007261,197126577,66,64,0,1,3.8400726e+08,1.9712658e+08
112,both,384007261,193961538,66,64,0,1,3.8400726e+08,1.9396154e+08
113,both,384111266,193961538,66,64,0,1,3.8411127e+08,1.9396154e+08
114,both,384111266,188946116,66,64,0,1,3.8411127e+08,1.8894612e+08
115,both,384111266,180443126,66,64,0,1,3.8411127e+08,1.8044313e+08
116,both,379125446,180443126,66,64,0,1,3.7912545e+08,1.8044313e+08
117,both,375183494,180443126,65,64,1,1,3.7518349e+08,1.8044313e+08
118,both,366759180,180443126,65,64,1,1,3.6675918e+08,1.8044313e+08
119,both,366759180,186289974,65,64,1,1,3.6675918e+08,1.8628997e+08
120,both,355720680,186289974,63,64,3,1,3.5572068e+08,1.8628997e+08
121,both,355720680,186275700,63,63,3,2,3.5572068e+08,1.862757e+08
122,both,355720680,199273500,63,63,3,0,3.5572068e+08,1.992735e+08
123,both,289131612,199273500,63,63,0,0,2.8913161e+08,1.992735e+08
124,both,234319932,199273500,63,63,0,0,2.3431993e+08,1.992735e+08
125,both,234319932,215700670,63,62,0,0,2.3431993e+08,2.1570067e+08
126,both,154600656,215700670,62,62,0,0,1.5460066e+08,2.1570067e+08
127,both,154600656,214111372,62,62,0,0,1.5460066e+08,2.1411137e+08
128,both,106904028,214111372,62,62,0,0,1.0690403e+08,2.1411137e+08
129,both,106904028,217870954,62,61,0,0,1.0690403e+08,2.1787095e+08
130,both,106904028,184346683,62,61,0,0,1.0690403e+08,1.8434668e+08
131,both,60717239,184346683,62,61,0,0,60717239,1.8434668e+08
132,both,36069227,184346683,62,61,0,0,36069227,1.8434668e+08
133,both,36069227,157338886,62,61,0,0,36069227,1.5733889e+08
134,both,17648226,157338886,61,61,0,0,17648226,1.5733889e+08
135,both,17648226,114187242,61,61,0,0,17648226,1.1418724e+08
136,both,9262616,114187242,62,61,0,0,9262616,1.1418724e+08
137,both,9262616,84054750,62,61,0,0,9262616,84054750
138,both,9262616,51809250,62,61,0,0,9262616,51809250
139,both,5030342,51809250,62,61,-1,0,5030342,51809250
140,both,2768488,51809250,67,61,-3,0,2768488,51809250
141,both,2768488,31808079,67,61,-3,0,2768488,31808079
142,both,2768488,15387673,67,62,-3,0,2768488,15387673
143,both,1499018,15387673,67,62,-1,0,1499018,15387673
144,both,905962,15387673,68,62,-2,0,905962,15387673
145,both,905962,8460361,68,63,-2,-1,905962,8460361
146,lower,698858,8460361,19,63,-7,-1,698858,8460361
147,lower,698858,3299634,19,63,-7,-1,698858,3299634
148,lower,852929,3299634,21,63,-9,-1,852929,3299634
149,lower,852929,1342368,21,63,-9,-1,852929,1342368
150,lower,710633,1342368,21,63,-9,-1,710633,1342368
151,lower,710633,501676,21,64,-9,5,710633,501676
152,lower,599885,501676,20,64,-8,5,599885,501676
153,,599885,165960,20,73,-8,2,599885,165960
154,,624910,165960,20,73,-8,2,624910,165960
155,,624910,196847,20,73,-8,4,624910,196847
156,,656890,196847,27,73,-12,4,656890,196847
157,,656890,138240,27,67,-12,9,656890,138240
158,,430404,138240,27,67,-1,9,430404,138240
159,,474726,138240,26,67,0,9,474726,138240
160,,474726,100746,26,82,0,3,474726,100746
161,,474726,148068,26,67,0,10,474726,148068
162,,474726,187370,26,67,0,10,474726,187370
163,,474726,223040,26,67,0,10,474726,223040
164,,632502,223040,20,67,-9,10,632502,223040
165,,580176,223040,23,67,-12,10,580176,223040
166,,574488,223040,23,67,-11,10,574488,223040
167,,769014,223040,21,67,-9,10,769014,223040
168,,769014,200736,21,67,-9,9,769014,200736
169,,769014,172323,21,67,-9,9,769014,172323
170,,647190,172323,21,67,-10,9,647190,172323
171,,647190,198475,21,67,-10,10,647190,198475
172,,399594,198475,26,67,-11,10,399594,198475
173,,399594,186575,26,74,-11,3,399594,186575
174,,487884,186575,26,74,-12,3,487884,186575
175,,487884,168576,26,74,-12,3,487884,168576
176,,487884,179328,26,67,-12,10,487884,179328
177,,528333,179328,20,67,-8,10,528333,179328
178,,539524,179328,20,67,-8,10,539524,179328
179,,539524,191470,20,67,-8,10,539524,191470
180,,539524,191470,20,67,-8,10,539524,191470
181,,539524,166870,20,74,-8,3,539524,166870
182,,434682,166870,20,74,-8,3,434682,166870
183,,434682,129019,20,74,-8,3,434682,129019
184,,434682,168400,20,74,-8,11,434682,168400
185,,566784,168400,20,74,-8,11,566784,168400
186,,655104,168400,20,74,-8,11,655104,168400
187,,655104,172610,20,74,-8,3,655104,172610
188,,583452,172610,20,74,-8,3,583452,172610
189,,583452,233700,20,67,-8,10,583452,233700
190,,590292,233700,20,67,-8,10,590292,233700
191,,590292,209190,20,67,-8,11,590292,209190
192,,646387,209190,20,67,-8,11,646387,209190
193,,646387,209190,20,67,-8,11,646387,209190
194,,646387,246810,20,67,-8,10,646387,246810
195,,655017,246810,26,67,-11,10,655017,246810
196,,607200,246810,26,67,-11,10,607200,246810
197,,607200,258501,26,67,-11,10,607200,258501
198,,607200,200479,26,67,-11,10,607200,200479
199,,647427,200479,26,67,-11,10,647427,200479
200,,647427,186126,26,67,-11,10,647427,186126
201,,509052,186126,20,67,-8,10,509052,186126
202,,509052,191754,20,67,-8,10,509052,191754
203,,449375,191754,21,67,-9,10,449375,191754
204,,449375,145668,21,76,-9,9,449375,145668
205,,477500,145668,21,76,-9,9,477500,145668
206,,485904,145668,20,76,-8,9,485904,145668
207,,485904,172732,20,74,-8,11,485904,172732
208,,571764,172732,20,74,-9,11,571764,172732
209,,611320,172732,20,74,-9,11,611320,172732
210,,611320,143565,20,67,-9,10,611320,143565
211,,611320,122910,20,67,-9,10,611320,122910
212,,611320,212562,20,67,-9,10,611320,212562
213,,528360,212562,20,67,-8,10,528360,212562
214,,507381,212562,15,67,-3,10,507381,212562
215,,507381,190953,15,74,-3,3,507381,190953
216,,536766,190953,15,74,-3,3,536766,190953
217,,536766,132498,15,74,-3,3,536766,132498
218,,584442,132498,20,74,-8,3,584442,132498
219,,584442,166770,20,67,-8,10,584442,166770
220,,584442,183192,20,74,-8,11,584442,183192
221,,588708,183192,20,74,-8,11,588708,183192
222,,514683,183192,26,74,-11,11,514683,183192
223,,514683,193725,26,67,-11,10,514683,193725
224,,369215,193725,27,67,0,10,369215,193725
225,,491250,193725,20,67,-8,10,491250,193725
226,,491250,246615,20,67,-8,10,491250,246615
227,,491250,169623,20,74,-8,3,491250,169623
228,,491250,173853,20,74,-8,11,491250,173853
229,,491250,200592,20,67,-8,10,491250,200592
230,,734910,200592,20,67,-8,10,734910,200592
231,,458964,200592,27,67,0,10,458964,200592
232,,480815,200592,20,67,-8,10,480815,200592
233,,676545,200592,20,67,-8,10,676545,200592
234,,676545,214920,20,67,-8,10,676545,214920
235,,676545,160200,20,67,-8,10,676545,160200
236,,680520,160200,20,67,-8,10,680520,160200
237,,680520,189125,20,67,-8,10,680520,189125
238,,627800,189125,26,67,-11,10,627800,189125
239,,627800,248625,26,67,-11,10,627800,248625
240,,509396,248625,20,67,-8,10,509396,248625
241,,509396,190125,20,67,-8,10,509396,190125
242,,524810,190125,20,67,-8,10,524810,190125
243,,524810,173875,20,67,-8,10,524810,173875
244,,524810,208115,20,67,-8,10,524810,208115
245,,672100,208115,20,67,-8,10,672100,208115
246,,683380,208115,21,67,-9,10,683380,208115
247,,683380,198779,21,67,-9,10,683380,198779
248,,699374,198779,21,67,-9,10,699374,198779
249,,699374,156877,21,67,-9,10,699374,156877
250,,699374,171654,21,74,-9,11,699374,171654
251,,552188,171654,20,74,-8,11,552188,171654
252,,552188,132370,20,74,-8,3,552188,132370
253,,583184,132370,20,74,-8,3,583184,132370
254,,462280,132370,19,74,-7,3,462280,132370
255,,462280,135432,19,74,-7,1,462280,135432
256,,433615,135432,19,74,-7,1,433615,135432
257,,433615,174648,19,74,-7,3,433615,174648
258,,433615,216395,19,67,-7,10,433615,216395
259,,465850,216395,26,67,-11,10,465850,216395
260,,465850,190970,26,67,-11,10,465850,190970
261,,353616,190970,68,67,1,10,353616,190970
262,,604656,190970,20,67,-8,10,604656,190970
263,,604656,131264,20,76,-8,9,604656,131264
264,,730626,131264,20,76,-8,9,730626,131264
265,,849932,131264,20,76,-8,9,849932,131264
266,,849932,150156,20,67,-8,8,849932,150156
267,,849932,178794,20,67,-8,8,849932,178794
268,,849932,168630,20,67,-8,10,849932,168630
269,,733562,168630,20,67,-12,10,733562,168630
270,,675694,168630,20,67,-12,10,675694,168630
271,,675694,172280,20,67,-12,10,675694,172280
272,,796382,172280,20,67,-9,10,796382,172280
273,,796382,137824,20,67,-9,10,796382,137824
274,,583746,137824,20,67,-9,10,583746,137824
275,,583746,137484,20,74,-9,11,583746,137484
276,,583746,142710,20,74,-9,11,583746,142710
277,,583746,142740,20,67,-9,10,583746,142740
278,,541260,142740,20,67,-8,10,541260,142740
279,,583982,142740,26,67,-11,10,583982,142740
280,,572798,142740,20,67,-8,10,572798,142740
281,,572798,152568,20,53,-8,-1,572798,152568
282,lower,572798,658944,20,67,-8,-5,572798,658944
283,lower,572798,3398912,20,63,-8,-1,572798,3398912
284,lower,537320,3398912,26,63,1,-1,537320,3398912
285,lower,676203,3398912,68,63,-1,-1,676203,3398912
286,lower,676203,12321056,68,63,-1,-1,676203,12321056
287,both,1564167,12321056,68,63,-2,-1,1564167,12321056
288,both,1564167,31425328,68,62,-2,0,1564167,31425328
289,both,2795012,31425328,67,62,-1,0,2795012,31425328
290,both,2795012,56681342,67,62,-1,0,2795012,56681342
291,both,2795012,100268376,67,61,-1,0,2795012,1.0026838e+08
292,both,6418108,100268376,67,61,-1,0,6418108,1.0026838e+08
293,both,14198280,100268376,63,61,0,0,14198280,1.0026838e+08
294,both,26520640,100268376,63,61,0,0,26520640,1.0026838e+08
295,both,26520640,135160740,63,61,0,0,26520640,1.3516074e+08
296,both,66323824,135160740,63,61,0,0,66323824,1.3516074e+08
297,both,66323824,190077714,63,62,0,0,66323824,1.9007771e+08
298,both,102082106,190077714,62,62,1,0,1.0208211e+08,1.9007771e+08
299,both,102082106,218690295,62,62,1,0,1.0208211e+08,2.186903e+08
300,both,123654690,218690295,62,62,2,0,1.2365469e+08,2.186903e+08
301,both,123654690,200503645,62,62,2,0,1.2365469e+08,2.0050364e+08
302,both,159725160,200503645,63,62,1,0,1.5972516e+08,2.0050364e+08
303,both,159725160,215730905,63,63,1,0,1.5972516e+08,2.157309e+08
304,both,159725160,189660705,63,63,1,1,1.5972516e+08,1.896607e+08
305,both,167368992,189660705,63,63,3,1,1.6736899e+08,1.896607e+08
306,both,186801432,189660705,65,63,1,1,1.8680143e+08,1.896607e+08
307,both,186801432,191114250,65,63,1,1,1.8680143e+08,1.9111425e+08
308,both,199886080,191114250,65,63,1,1,1.9988608e+08,1.9111425e+08
309,both,199886080,185132500,65,63,1,2,1.9988608e+08,1.851325e+08
310,both,199886080,175974960,65,64,1,1,1.9988608e+08,1.7597496e+08
311,both,215925120,175974960,65,64,1,1,2.1592512e+08,1.7597496e+08
312,both,215925120,182369448,65,64,1,0,2.1592512e+08,1.8236945e+08
313,both,215925120,169863435,65,64,1,0,2.1592512e+08,1.6986344e+08
314,both,233824176,169863435,65,64,1,0,2.3382418e+08,1.6986344e+08
315,both,228464800,169863435,65,64,1,0,2.284648e+08,1.6986344e+08
316,both,235303224,169863435,64,64,0,0,2.3530322e+08,1.6986344e+08
317,both,235303224,199614336,64,63,0,0,2.3530322e+08,1.9961434e+08
318,both,202326696,199614336,63,63,1,0,2.023267e+08,1.9961434e+08
319,both,202326696,188165572,63,63,1,0,2.023267e+08,1.8816557e+08
320,both,202326696,193483360,63,63,1,0,2.023267e+08,1.9348336e+08
321,both,167821368,193483360,63,63,0,0,1.6782137e+08,1.9348336e+08
322,both,128450504,193483360,63,63,0,0,1.284505e+08,1.9348336e+08
323,both,128450504,181948599,63,62,0,0,1.284505e+08,1.819486e+08
324,both,87688640,181948599,63,62,0,0,87688640,1.819486e+08
325,both,87688640,166847733,63,62,0,0,87688640,1.6684773e+08
326,both,40211574,166847733,62,62,0,0,40211574,1.6684773e+08
327,both,40211574,137301120,62,61,0,0,40211574,1.3730112e+08
328,both,40211574,117332160,62,61,0,0,40211574,1.1733216e+08
329,both,25981854,117332160,62,61,0,0,25981854,1.1733216e+08
330,both,16121519,117332160,62,61,0,0,16121519,1.1733216e+08
331,both,16121519,94465722,62,61,0,0,16121519,94465722
332,both,10786295,94465722,62,61,0,0,10786295,94465722
333,both,10786295,74443512,62,61,0,0,10786295,74443512
334,both,6507605,74443512,62,61,0,0,6507605,74443512
335,both,4090920,74443512,68,61,-4,0,4090920,74443512
336,both,4090920,54339736,68,61,-4,0,4090920,54339736
337,both,4090920,40493904,68,62,-4,0,4090920,40493904
338,both,4090920,26633880,68,62,-4,0,4090920,26633880
339,both,2733035,26633880,41,62,-6,0,2733035,26633880
340,both,1880116,26633880,68,62,-7,0,1880116,26633880
341,both,1880116,18271890,68,63,-7,-1,1880116,18271890
342,both,1150398,18271890,68,63,-1,-1,1150398,18271890
343,both,1150398,11181772,68,63,-1,0,1150398,11181772
344,lower,1077165,11181772,68,63,-1,0,1077165,11181772
345,lower,1077165,6836368,68,63,-1,0,1077165,6836368
346,lower,1004445,6836368,68,63,-1,0,1004445,6836368
347,lower,1004445,4277504,68,63,-1,-1,1004445,4277504
348,lower,683553,4277504,68,63,-1,-1,683553,4277504
349,lower,683553,2860032,68,63,-1,-1,683553,2860032
350,lower,472198,2860032,68,63,-1,-1,472198,2860032
351,lower,472198,2099424,68,63,-1,6,472198,2099424
352,lower,472198,1262647,68,69,-1,0,472198,1262647
353,lower,547230,1262647,20,69,-12,0,547230,1262647
354,lower,547230,871018,20,69,-12,0,547230,871018
355,lower,453264,871018,68,69,-1,0,453264,871018
356,lower,463204,871018,68,69,-1,0,463204,871018
357,lower,463204,578032,68,69,-1,0,463204,578032
358,lower,454312,578032,19,69,-12,0,454312,578032
359,lower,583648,578032,20,69,-8,0,583648,578032
360,,583648,455000,20,69,-8,7,583648,455000
361,,583648,323306,20,82,-8,-5,583648,323306
362,,583648,289382,20,82,-8,3,583648,289382
363,,583648,199287,20,79,-8,-2,583648,199287
364,,633696,199287,20,79,-9,-2,633696,199287
365,,565677,199287,20,79,-9,-2,565677,199287
366,,572904,199287,20,79,-8,-2,572904,199287
367,,796136,199287,20,79,-8,-2,796136,199287
368,,796136,157850,20,82,-8,3,796136,157850
369,,796136,210760,20,18,-8,-9,796136,210760
370,,796136,189640,20,18,-8,-9,796136,189640
371,,796136,157176,20,67,-8,10,796136,157176
372,,740443,157176,20,67,-8,10,740443,157176
373,,563200,157176,26,67,-12,10,563200,157176
374,,401135,157176,27,67,0,10,401135,157176
375,,531080,157176,23,67,-11,10,531080,157176
376,,531080,131688,23,67,-11,10,531080,131688
377,,531080,117738,23,67,-11,10,531080,117738
378,,531080,138838,23,67,-11,8,531080,138838
379,,790903,138838,26,67,-11,8,790903,138838
380,,620806,138838,27,67,-12,8,620806,138838
381,,620806,176673,27,67,-12,8,620806,176673
382,,434112,176673,27,67,-12,8,434112,176673
383,,434112,204597,27,67,-12,10,434112,204597
384,,434112,169926,27,67,-12,10,434112,169926
385,,537422,169926,20,67,-8,10,537422,169926
386,,537422,147626,20,67,-8,10,537422,147626
387,,537422,161859,20,67,-8,10,537422,161859
388,,628883,161859,20,67,-9,10,628883,161859
389,,568567,161859,20,67,-9,10,568567,161859
390,,623693,161859,20,67,-9,10,623693,161859
391,,623693,177018,20,67,-9,10,623693,177018
392,,766724,177018,20,67,-9,10,766724,177018
393,,766724,153850,20,67,-9,10,766724,153850
394,,653252,153850,20,67,-8,10,653252,153850
395,,653252,172550,20,67,-8,10,653252,172550
396,,555430,172550,20,67,-8,10,555430,172550
397,,555430,225736,20,67,-8,10,555430,225736
398,,555430,190152,20,67,-8,10,555430,190152
399,,507190,190152,20,67,-8,10,507190,190152
400,,507190,171342,20,67,-8,10,507190,171342
401,,417456,171342,26,67,-11,10,417456,171342
402,,417456,152805,26,67,-11,10,417456,152805
403,,417456,113364,26,67,-11,8,417456,113364
404,,484848,113364,26,67,-11,8,484848,113364
405,,602175,113364,26,67,-11,8,602175,113364
406,,595840,113364,20,67,-8,8,595840,113364
407,,595840,121806,20,67,-8,10,595840,121806
408,,574336,121806,20,67,-8,10,574336,121806
409,,574336,164208,20,67,-8,11,574336,164208
410,,574336,182160,20,67,-8,10,574336,182160
411,,582669,182160,20,67,-9,10,582669,182160
412,,529841,182160,26,67,1,10,529841,182160
413,,529841,162495,26,67,1,10,529841,162495
414,,642884,162495,26,67,-11,10,642884,162495
415,,642884,192639,26,67,-11,10,642884,192639
416,,642884,224132,26,67,-11,10,642884,224132
417,,554268,224132,26,67,-11,10,554268,224132
418,,554268,224680,26,67,-11,10,554268,224680
419,,517221,224680,19,67,-7,10,517221,224680
420,,619029,224680,21,67,-9,10,619029,224680
421,,619029,189830,21,67,-9,10,619029,189830
422,,619029,158260,21,74,-9,3,619029,158260
423,,679023,158260,20,74,-8,3,679023,158260
424,,742518,158260,20,74,-8,3,742518,158260
425,,742518,133510,20,76,-8,9,742518,133510
426,,627536,133510,26,76,-11,9,627536,133510
427,,627536,156366,26,67,-11,10,627536,156366
428,,582400,156366,26,67,-12,10,582400,156366
429,,582400,186515,26,67,-12,10,582400,186515
430,,582400,163520,26,74,-12,3,582400,163520
431,,457737,163520,15,74,-3,3,457737,163520
432,,457737,151424,15,74,-3,3,457737,151424
433,,398097,151424,15,74,0,3,398097,151424
434,,404505,151424,27,74,-12,3,404505,151424
435,,404505,196878,27,74,-12,11,404505,196878
436,,324715,196878,27,74,0,11,324715,196878
437,,610032,196878,20,74,-9,11,610032,196878
438,,610032,198762,20,74,-9,11,610032,198762
439,,610032,155050,20,67,-9,10,610032,155050
440,,610032,139102,20,67,-9,10,610032,139102
441,,741776,139102,20,67,-8,10,741776,139102
442,,709660,139102,20,67,-8,10,709660,139102
443,,709660,102678,20,74,-8,3,709660,102678
444,,599694,102678,26,74,0,3,599694,102678
445,,599694,87255,26,33,0,3,599694,87255
446,,720054,87255,20,33,-8,3,720054,87255
447,,720054,124740,20,67,-8,10,720054,124740
448,,720054,202986,20,67,-8,8,720054,202986
449,,758956,202986,20,67,-9,8,758956,202986
450,,574904,202986,20,67,-9,8,574904,202986
451,,574904,188308,20,67,-9,8,574904,188308
452,,474824,188308,20,67,-8,8,474824,188308
453,,532042,188308,20,67,-8,8,532042,188308
454,,532042,182522,20,67,-8,10,532042,182522
455,,532042,171765,20,67,-8,10,532042,171765
456,,632345,171765,20,67,-8,10,632345,171765
457,,632345,184140,20,67,-8,10,632345,184140
458,,580580,184140,15,67,-3,10,580580,184140
459,,580580,187488,15,74,-3,3,580580,187488
460,,580580,179424,15,74,-3,11,580580,179424
461,,469040,179424,15,74,-3,11,469040,179424
462,,605980,179424,20,74,-8,11,605980,179424
463,,605980,99918,20,33,-8,3,605980,99918
464,,749346,99918,20,33,-8,3,749346,99918
465,,749346,120375,20,74,-8,3,749346,120375
466,,749346,129684,20,67,-8,10,749346,129684
467,,734136,129684,19,67,-7,10,734136,129684
468,,734136,126856,19,67,-7,8,734136,126856
469,,798572,126856,19,67,-7,8,798572,126856
470,,779418,126856,26,67,-11,8,779418,126856
471,,779418,174270,26,67,-11,8,779418,174270
472,,563472,174270,26,67,-12,8,563472,174270
473,,563472,183150,26,67,-12,10,563472,183150
474,,563472,162030,26,67,-12,10,563472,162030
475,,576576,162030,26,67,-12,10,576576,162030
476,lower,576576,396237,26,67,-12,-12,576576,396237
477,lower,639128,396237,27,67,0,-12,639128,396237
478,lower,543417,396237,26,67,1,-12,543417,396237
479,lower,543417,729280,26,63,1,-11,543417,729280
480,both,776112,729280,51,63,6,-11,776112,729280
481,both,776112,2632192,51,63,6,-4,776112,2632192
482,both,776112,11130944,51,63,6,-4,776112,11130944
483,both,1405704,11130944,68,63,-9,-4,1405704,11130944
484,both,3082101,11130944,68,63,-9,-4,3082101,11130944
485,both,3082101,24427832,68,63,-9,-4,3082101,24427832
486,both,4613452,24427832,44,63,-4,-4,4613452,24427832
487,both,4613452,54141776,44,61,-4,-2,4613452,54141776
488,both,4613452,86323228,44,61,-4,0,4613452,86323228
489,both,10652208,86323228,63,61,-1,0,10652208,86323228
490,both,10652208,137305350,63,60,-1,0,10652208,1.3730535e+08
491,both,23863301,137305350,62,60,0,0,23863301,1.3730535e+08
492,both,49280957,137305350,62,60,0,0,49280957,1.3730535e+08
493,both,49280957,189110839,62,61,0,0,49280957,1.8911084e+08
494,both,85692186,189110839,62,61,0,0,85692186,1.8911084e+08
495,both,85692186,236362206,62,61,0,0,85692186,2.3636221e+08
496,both,121460634,236362206,62,61,0,0,1.2146063e+08,2.3636221e+08
497,both,121460634,263856408,62,61,0,0,1.2146063e+08,2.6385641e+08
498,both,155783007,263856408,62,61,0,0,1.5578301e+08,2.6385641e+08
499,both,155783007,266317083,62,62,0,0,1.5578301e+08,2.6631708e+08
500,both,155783007,270146102,62,62,0,0,1.5578301e+08,2.701461e+08
501,both,157992195,270146102,62,62,0,0,1.579922e+08,2.701461e+08
502,both,160183730,270146102,62,62,0,0,1.6018373e+08,2.701461e+08
503,both,160183730,272540506,62,62,0,0,1.6018373e+08,2.7254051e+08
504,both,153631030,272540506,62,62,0,0,1.5363103e+08,2.7254051e+08
505,both,153631030,269469536,62,62,0,0,1.5363103e+08,2.6946954e+08
506,both,152289950,269469536,62,62,0,0,1.5228995e+08,2.6946954e+08
507,both,152289950,267935712,62,62,0,0,1.5228995e+08,2.6793571e+08
508,both,144152860,267935712,62,62,0,0,1.4415286e+08,2.6793571e+08
509,both,144152860,258469893,62,62,0,0,1.4415286e+08,2.5846989e+08
510,both,137256470,258469893,62,62,0,0,1.3725647e+08,2.5846989e+08
511,both,137256470,249640326,62,62,0,0,1.3725647e+08,2.4964033e+08
512,both,98978490,249640326,62,62,0,0,98978490,2.4964033e+08
513,both,98978490,216195984,62,61,0,0,98978490,2.1619598e+08
514,both,77765670,216195984,62,61,0,0,77765670,2.1619598e+08
515,both,77765670,207106536,62,61,0,0,77765670,2.0710654e+08
516,both,77765670,149572059,62,61,0,0,77765670,1.4957206e+08
517,both,39395265,149572059,62,61,-1,0,39395265,1.4957206e+08
518,both,21371987,149572059,62,61,-1,0,21371987,1.4957206e+08
519,both,21371987,118107921,62,61,-1,0,21371987,1.1810792e+08
520,both,8368578,118107921,62,61,-1,0,8368578,1.1810792e+08
521,both,3664660,118107921,42,61,-2,0,3664660,1.1810792e+08
522,both,3664660,67065084,42,60,-2,-1,3664660,67065084
523,both,3664660,41531616,42,63,-2,-4,3664660,41531616
524,both,1787028,41531616,67,63,-8,-4,1787028,41531616
525,both,1787028,20638800,67,63,-8,-7,1787028,20638800
526,both,850770,20638800,68,63,-9,-7,850770,20638800
527,both,850770,9588150,68,63,-9,-7,850770,9588150
528,lower,688905,9588150,20,63,-8,-7,688905,9588150
529,lower,942165,9588150,20,63,-8,-7,942165,9588150
530,lower,942165,3268166,20,63,-8,-8,942165,3268166
531,lower,942165,1095703,20,63,-8,-8,942165,1095703
532,,942165,442538,20,69,-8,0,942165,442538
533,,877360,442538,20,69,-5,0,877360,442538
534,,742720,442538,26,69,-11,0,742720,442538
535,,742720,111657,26,69,-11,0,742720,111657
536,,746096,111657,26,69,-11,0,746096,111657
537,,654160,111657,26,69,-11,0,654160,111657
538,,654160,112110,26,79,-11,8,654160,112110
539,,654160,126968,26,67,-11,8,654160,126968
540,,674140,126968,26,67,-11,8,674140,126968
541,,674140,183608,26,67,-11,10,674140,183608
542,,636789,183608,26,67,-11,10,636789,183608
543,,636789,162213,26,74,-11,3,636789,162213
544,,636789,198492,26,74,-11,3,636789,198492
545,,488925,198492,20,74,-8,3,488925,198492
546,,611355,198492,20,74,-8,3,611355,198492
547,,611355,196112,20,74,-8,3,611355,196112
548,,623659,196112,20,74,-8,3,623659,196112
549,,623659,176748,20,74,-8,3,623659,176748
550,,695027,176748,19,74,-7,3,695027,176748
551,,695027,142428,19,74,-7,3,695027,142428
552,,647989,142428,20,74,-8,3,647989,142428
553,,647989,213642,20,67,-8,10,647989,213642
554,,647989,183762,20,67,-8,10,647989,183762
555,,779012,183762,26,67,-11,10,779012,183762
556,,540160,183762,26,67,-11,10,540160,183762
557,,540160,179703,26,67,-11,10,540160,179703
558,,531024,179703,20,67,-8,10,531024,179703
559,,531024,137821,20,67,-8,10,531024,137821
560,,654160,137821,23,67,-11,10,654160,137821
561,,654160,130746,23,67,-11,10,654160,130746
562,,654160,151074,23,67,-11,10,654160,151074
563,,683640,151074,26,67,-11,10,683640,151074
564,,683640,163827,26,67,-11,10,683640,163827
565,,634688,163827,26,67,-11,10,634688,163827
566,,634688,170340,26,67,-11,10,634688,170340
567,,587312,170340,26,67,-12,10,587312,170340
568,,662235,170340,20,67,-8,10,662235,170340
569,,662235,162180,20,67,-8,10,662235,162180
570,,619605,162180,20,67,-9,10,619605,162180
571,,619605,181737,20,67,-9,10,619605,181737
572,,619605,186690,20,67,-9,10,619605,186690
573,,541206,186690,20,67,-9,10,541206,186690
574,,522588,186690,20,67,-8,10,522588,186690
575,,522588,179340,20,67,-8,10,522588,179340
576,,469678,179340,20,67,-8,10,469678,179340
577,,469678,194346,20,67,-8,10,469678,194346
578,,520454,194346,20,67,-8,10,520454,194346
579,,520454,185850,20,67,-8,10,520454,185850
580,,577280,185850,20,67,-8,10,577280,185850
581,,577280,154700,20,67,-8,10,577280,154700
582,,577280,132600,20,67,-8,10,577280,132600
583,,577280,158100,20,67,-8,10,577280,158100
584,,608000,158100,20,67,-8,10,608000,158100
585,,579500,158100,20,67,-8,10,579500,158100
586,,570960,158100,20,67,-8,10,570960,158100
587,,570960,197098,20,67,-8,10,570960,197098
588,,605592,197098,20,67,-8,10,605592,197098
589,,605592,177650,20,67,-8,10,605592,177650
590,,501425,177650,20,67,-9,10,501425,177650
591,,501425,195225,20,67,-9,10,501425,195225
592,,468875,195225,20,67,-9,10,468875,195225
593,,468875,209199,20,67,-9,10,468875,209199
594,,540870,209199,20,67,-8,10,540870,209199
595,,540870,159826,20,67,-8,10,540870,159826
596,,820692,159826,20,67,-8,10,820692,159826
597,,820692,149464,20,67,-8,10,820692,149464
598,,820692,211820,20,67,-8,10,820692,211820
599,,652698,211820,20,67,-9,10,652698,211820
600,,511803,211820,26,67,-11,10,511803,211820
601,,511803,242525,26,67,-11,10,511803,242525
602,,454794,242525,20,67,-8,10,454794,242525
603,,454794,216660,20,74,-8,11,454794,216660
604,,454794,214668,20,67,-8,10,454794,214668
605,,243955,214668,27,67,0,10,243955,214668
606,,243955,325017,27,67,0,10,243955,325017
607,,421056,325017,68,67,9,10,421056,325017
608,,374400,325017,68,67,9,10,374400,325017
609,,374400,281358,68,67,9,10,374400,281358
610,,485511,281358,20,67,-8,10,485511,281358
611,,485511,172260,20,67,-8,10,485511,172260
612,,582153,172260,20,67,-8,10,582153,172260
613,,582153,169620,20,67,-8,10,582153,169620
614,,700557,169620,20,67,-9,10,700557,169620
615,,700557,176302,20,67,-9,10,700557,176302
616,,702403,176302,20,67,-9,10,702403,176302
617,,702403,176988,20,67,-9,10,702403,176988
618,,673485,176988,20,67,-9,10,673485,176988
619,,673485,161508,20,67,-9,10,673485,161508
620,,673485,174654,20,67,-9,10,673485,174654
621,,890486,174654,26,67,-11,10,890486,174654
622,,890486,236034,26,67,-11,10,890486,236034
623,,890486,207693,26,67,-11,10,890486,207693
624,,420616,207693,27,67,0,10,420616,207693
625,,376250,207693,78,67,7,10,376250,207693
626,upper,3833910,207693,26,67,10,10,3833910,207693
627,upper,19138440,207693,48,67,-9,10,19138440,207693
628,upper,19138440,248937,48,67,-9,-12,19138440,248937
629,both,19138440,258000,48,55,-9,-3,19138440,258000
630,both,19138440,775875,48,55,-9,-3,19138440,775875
631,both,59955985,775875,48,55,-6,-3,59955985,775875
632,both,182890810,775875,47,55,-5,-3,1.8289081e+08,775875
633,both,182890810,4313865,47,63,-5,-11,1.8289081e+08,4313865
634,both,173783040,4313865,47,63,-4,-11,1.7378304e+08,4313865
635,both,175534080,4313865,47,63,-4,-11,1.7553408e+08,4313865
636,both,175534080,2422770,47,63,-4,-12,1.7553408e+08,2422770
637,both,175534080,1462958,47,63,-4,-12,1.7553408e+08,1462958
638,both,175534080,1094071,47,63,-4,-12,1.7553408e+08,1094071
639,both,175534080,848144,47,63,-4,-12,1.7553408e+08,848144
640,both,169625804,848144,47,63,-4,-12,1.696258e+08,848144
641,both,165900211,848144,47,63,-4,-12,1.6590021e+08,848144
642,both,128043712,848144,47,63,-5,-12,1.2804371e+08,848144
643,both,128043712,602192,47,63,-5,-12,1.2804371e+08,602192
644,both,128043712,344424,47,47,-5,2,1.2804371e+08,344424
645,both,90364928,344424,48,47,-6,2,90364928,344424
646,upper,90364928,241300,48,47,-6,2,90364928,241300
647,upper,18600288,241300,47,47,-12,2,18600288,241300
648,upper,1630288,241300,60,47,-4,2,1630288,241300
649,upper,1630288,121032,60,82,-4,3,1630288,121032
650,,534776,121032,60,82,-2,3,534776,121032
651,,486101,121032,20,82,-8,3,486101,121032
652,,486101,128412,20,82,-8,3,486101,128412
653,,486101,127020,20,82,-8,3,486101,127020
654,,486101,133032,20,12,-8,-10,486101,133032
655,,565928,133032,20,12,-8,-10,565928,133032
656,,575520,133032,20,12,-8,-10,575520,133032
657,,575520,132399,20,74,-8,11,575520,132399
658,,498960,132399,20,74,-5,11,498960,132399
659,,498960,154818,20,74,-5,11,498960,154818
660,,498960,141642,20,74,-5,11,498960,141642
661,,590436,141642,20,74,-5,11,590436,141642
662,,590436,139320,20,74,-5,11,590436,139320
663,,774752,139320,20,74,-8,11,774752,139320
664,,595200,139320,20,74,-8,11,595200,139320
665,,595200,141840,20,74,-8,11,595200,141840
666,,492000,141840,20,74,-8,11,492000,141840
667,,509220,141840,20,74,-8,11,509220,141840
668,,509220,129626,20,74,-8,3,509220,129626
669,,509220,154959,20,67,-8,10,509220,154959
670,,509220,141771,20,67,-8,10,509220,141771
671,,509220,131236,20,67,-8,10,509220,131236
672,,506736,131236,20,67,-8,10,506736,131236
673,,485520,131236,20,67,-8,10,485520,131236
674,,575744,131236,26,67,-12,10,575744,131236
675,,575744,114021,26,74,-12,11,575744,114021
676,,490176,114021,20,74,-8,11,490176,114021
677,,490176,133237,20,67,-8,10,490176,133237
678,,490176,149591,20,67,-8,10,490176,149591
679,,539856,149591,20,67,-9,10,539856,149591
680,,569196,149591,20,67,-9,10,569196,149591
681,,569196,150213,20,67,-9,10,569196,150213
682,,569196,166074,20,67,-9,10,569196,166074
683,,603924,166074,26,67,1,10,603924,166074
684,,603924,201852,26,67,1,10,603924,201852
685,,609042,201852,26,67,-12,10,609042,201852
686,,602538,201852,20,67,-8,10,602538,201852
687,,602538,179928,20,67,-8,10,602538,179928
688,,602538,199444,20,67,-8,10,602538,199444
689,,602538,235478,20,67,-8,10,602538,235478
690,,590992,235478,26,67,-11,10,590992,235478
691,,510496,235478,27,67,-12,10,510496,235478
692,,417004,235478,27,67,-12,10,417004,235478
693,,503262,235478,21,67,-9,10,503262,235478
694,,503262,185761,21,74,-9,11,503262,185761
695,,503262,196536,21,74,-9,11,503262,196536
696,,503262,190152,21,74,-9,3,503262,190152
697,,483873,190152,78,74,7,3,483873,190152
698,,405193,190152,68,74,1,3,405193,190152
699,,405193,211118,68,74,1,11,405193,211118
700,,524484,211118,20,74,-9,11,524484,211118
701,,496886,211118,26,74,0,11,496886,211118
702,,496886,175683,26,74,0,11,496886,175683
703,,496886,170465,26,67,0,10,496886,170465
704,,496886,144414,26,76,0,9,496886,144414
705,,496886,131040,26,67,0,10,496886,131040
706,,682068,131040,21,67,-9,10,682068,131040
707,,586498,131040,20,67,-8,10,586498,131040
708,,586498,176400,20,67,-8,10,586498,176400
709,,525866,176400,20,67,-8,10,525866,176400
710,,525866,239750,20,67,-8,10,525866,239750
711,,370817,239750,27,67,0,10,370817,239750
712,,370817,226735,27,67,0,10,370817,226735
713,,370817,164507,27,67,0,10,370817,164507
714,,354775,164507,27,67,-12,10,354775,164507
715,,485237,164507,20,67,-9,10,485237,164507
716,,574977,164507,20,67,-8,10,574977,164507
717,,574977,181902,20,67,-8,10,574977,181902
718,,634179,181902,20,67,-8,10,634179,181902
719,,634179,173850,20,74,-8,3,634179,173850
720,,634179,275025,20,74,-8,11,634179,275025
721,,634179,179832,20,67,-8,10,634179,179832
722,,561358,179832,20,67,-8,10,561358,179832
723,,398762,179832,26,67,0,10,398762,179832
724,,502044,179832,27,67,0,10,502044,179832
725,,502044,193040,27,67,0,10,502044,193040
726,,502044,210140,27,67,0,10,502044,210140
727,,536272,210140,20,67,-9,10,536272,210140
728,,520760,210140,20,67,-8,10,520760,210140
729,,520760,206269,20,67,-8,10,520760,206269
730,,498200,206269,20,67,-8,10,498200,206269
731,,498200,193960,20,67,-8,10,498200,193960
732,,421880,193960,20,67,-8,10,421880,193960
733,,421880,191880,20,67,-8,10,421880,191880
734,,645556,191880,20,67,-8,10,645556,191880
735,,645556,156825,20,74,-8,3,645556,156825
736,,718546,156825,20,74,-8,3,718546,156825
737,,718546,158950,20,74,-8,3,718546,158950
738,,543118,158950,19,74,-7,3,543118,158950
739,,543118,185130,19,67,-7,10,543118,185130
740,,587867,185130,19,67,-7,10,587867,185130
741,,587867,191070,19,67,-7,10,587867,191070
742,,587867,192228,19,67,-7,10,587867,192228
743,,696234,192228,20,67,-8,10,696234,192228
744,,696234,197208,20,67,-8,10,696234,197208
745,,736164,197208,20,67,-8,10,736164,197208
746,,750628,197208,26,67,-11,10,750628,197208
747,,750628,204336,26,67,-11,10,750628,204336
748,,750628,172860,26,67,-11,10,750628,172860
749,,597408,172860,20,67,-9,10,597408,172860
750,,597408,157785,20,67,-9,10,597408,157785
751,,597408,157785,20,67,-9,10,597408,157785
752,,597408,170031,20,67,-9,10,597408,170031
753,,597408,170031,20,67,-9,10,597408,170031
754,,682752,170031,20,67,-8,10,682752,170031
755,,845312,170031,20,67,-8,10,845312,170031
756,,736320,170031,20,67,-8,10,736320,170031
757,,736320,187929,20,67,-8,-10,736320,187929
758,,736320,361257,20,67,-8,2,736320,361257
759,both,736320,604182,20,50,-8,-7,736320,604182
760,both,995866,604182,68,50,1,-7,995866,604182
761,both,1160397,604182,48,50,2,-7,1160397,604182
762,both,8273069,604182,48,50,0,-7,8273069,604182
763,both,68805093,604182,43,50,3,-7,68805093,604182
764,both,68805093,763702,43,50,3,2,68805093,763702
765,both,68805093,1253176,43,53,3,-1,68805093,1253176
766,both,72210266,1253176,43,53,3,-1,72210266,1253176
767,both,72210266,1166838,43,35,3,1,72210266,1166838
768,both,89183100,1166838,43,35,3,1,89183100,1166838
769,both,89183100,1080054,43,32,3,4,89183100,1080054
770,both,89183100,924462,43,53,3,-1,89183100,924462
771,both,86702700,924462,43,53,3,-1,86702700,924462
772,both,86702700,814842,43,53,3,-1,86702700,814842
773,both,87269812,814842,41,53,5,-1,87269812,814842
774,both,87269812,735900,41,53,5,-1,87269812,735900
775,both,87269812,636900,41,53,5,-1,87269812,636900
776,both,75282816,636900,41,53,5,-1,75282816,636900
777,both,64473024,636900,40,53,6,-1,64473024,636900
778,both,64473024,387750,40,53,6,-1,64473024,387750
779,both,29964480,387750,46,53,0,-1,29964480,387750
780,both,3436615,387750,46,53,4,-1,3436615,387750
781,both,3436615,358680,46,25,4,1,3436615,358680
782,both,976048,358680,12,25,0,1,976048,358680
783,both,976048,339720,12,67,0,2,976048,339720
784,lower,842064,339720,12,67,0,2,842064,339720
785,,842064,167362,12,42,0,1,842064,167362
786,,718932,167362,20,42,-8,1,718932,167362
787,,718932,139331,20,67,-8,8,718932,139331
788,,790608,139331,20,67,-8,8,790608,139331
789,,790608,157439,20,67,-8,8,790608,157439
790,,614796,157439,20,67,-8,8,614796,157439
791,,614796,149927,20,67,-8,8,614796,149927
792,,472357,149927,20,67,-9,8,472357,149927
793,,472357,215550,20,67,-9,10,472357,215550
794,,472357,178650,20,74,-9,3,472357,178650
795,,648547,178650,20,74,-9,3,648547,178650
796,,648547,179444,20,74,-9,3,648547,179444
797,,648547,170404,20,74,-9,3,648547,170404
798,,607578,170404,20,74,-8,3,607578,170404
799,,515616,170404,19,74,-7,3,515616,170404
800,,515616,140621,19,74,-7,1,515616,140621
801,,582528,140621,19,74,-7,1,582528,140621
802,,582528,173818,19,67,-7,8,582528,173818
803,,756576,173818,20,67,-8,8,756576,173818
804,,756576,169158,20,67,-8,8,756576,169158
805,,756576,172788,20,67,-8,8,756576,172788
806,,682452,172788,20,67,-5,8,682452,172788
807,,557496,172788,26,67,-11,8,557496,172788
808,,433608,172788,26,67,1,8,433608,172788
809,,433608,171860,26,12,1,-10,433608,171860
810,,433608,154396,26,67,1,10,433608,154396
811,,643800,154396,20,67,-8,10,643800,154396
812,,630025,154396,20,67,-8,10,630025,154396
813,,630025,154880,20,67,-8,10,630025,154880
814,,470998,154880,20,67,-8,10,470998,154880
815,,470998,164480,20,67,-8,10,470998,164480
816,,470998,178872,20,67,-8,10,470998,178872
817,,470998,190356,20,67,-8,10,470998,190356
818,,426554,190356,20,67,-8,10,426554,190356
819,,511550,190356,20,67,-8,10,511550,190356
820,,563550,190356,20,67,-8,10,563550,190356
821,,563550,208954,20,67,-8,10,563550,208954
822,,563550,188326,20,67,-8,10,563550,188326
823,,499392,188326,20,67,-8,10,499392,188326
824,,499392,189312,20,67,-8,10,499392,189312
825,,499392,204288,20,67,-8,10,499392,204288
826,,500544,204288,20,67,-8,10,500544,204288
827,,544863,204288,20,67,-8,10,544863,204288
828,,561165,204288,20,67,-8,10,561165,204288
829,,561165,224504,20,67,-8,10,561165,224504
830,,561165,210578,20,67,-8,10,561165,210578
831,,701680,210578,20,67,-8,10,701680,210578
832,,701680,214570,20,67,-8,10,701680,214570
833,,580944,214570,20,67,-8,10,580944,214570
834,,486837,214570,20,67,-8,10,486837,214570
835,,486837,227900,20,67,-8,10,486837,227900
836,,509175,227900,20,67,-8,10,509175,227900
837,,509175,186560,20,67,-8,10,509175,186560
838,,403000,186560,20,67,-8,10,403000,186560
839,,403000,171072,20,67,-8,10,403000,171072
840,,403000,170469,20,74,-8,11,403000,170469
841,,403000,177422,20,67,-8,10,403000,177422
842,,431600,177422,20,67,-8,10,431600,177422
843,,502980,177422,20,67,-8,10,502980,177422
844,,479346,177422,20,67,-8,10,479346,177422
845,,479346,183483,20,67,-8,10,479346,183483
846,,530621,183483,27,67,-12,10,530621,183483
847,,530621,199467,27,67,-12,10,530621,199467
848,,662235,199467,27,67,-12,10,662235,199467
849,,662235,207254,27,67,-12,10,662235,207254
850,,531855,207254,27,67,-12,10,531855,207254
851,,531855,186840,27,67,-12,10,531855,186840
852,,445416,186840,20,67,-8,10,445416,186840
853,,559300,186840,26,67,-12,10,559300,186840
854,,559300,230040,26,67,-12,10,559300,230040
855,,559300,230892,26,67,-12,10,559300,230892
856,,675155,230892,26,67,-11,10,675155,230892
857,,675155,215174,26,67,-11,8,675155,215174
858,,563615,215174,21,67,-6,8,563615,215174
859,,563615,195324,21,67,-6,8,563615,195324
860,,464232,195324,21,67,-10,8,464232,195324
861,,464232,147600,21,67,-10,8,464232,147600
862,,464232,159900,21,67,-10,8,464232,159900
863,,511105,159900,26,67,-11,8,511105,159900
864,,511105,228657,26,67,-11,10,511105,228657
865,,567799,228657,26,67,0,10,567799,228657
866,,477242,228657,26,67,0,10,477242,228657
867,,477242,206778,26,67,0,10,477242,206778
868,,562716,206778,20,67,-8,10,562716,206778
869,,562716,165326,20,67,-8,8,562716,165326
870,,562716,201684,20,67,-8,8,562716,201684
871,,730224,201684,26,67,-11,8,730224,201684
872,,730224,188748,26,67,-11,10,730224,188748
873,,730224,160500,26,67,-11,10,730224,160500
874,,683202,160500,26,67,-11,10,683202,160500
875,,426322,160500,20,67,-8,10,426322,160500
876,,465267,160500,27,67,-12,10,465267,160500
877,,465267,210000,27,67,-12,8,465267,210000
878,,557404,210000,20,67,-8,8,557404,210000
879,,557404,206220,20,67,-8,8,557404,206220
880,,557404,193404,20,74,-8,11,557404,193404
881,,461414,193404,20,74,-8,11,461414,193404
882,,489991,193404,20,74,-8,11,489991,193404
883,,489991,156022,20,67,-8,10,489991,156022
884,,489991,144385,20,67,-8,10,489991,144385
885,,641136,144385,20,67,-8,10,641136,144385
886,,641136,198320,20,67,-8,10,641136,198320
887,,558531,198320,26,67,-12,10,558531,198320
888,,558531,213712,26,67,-12,10,558531,213712
889,,584637,213712,26,67,-11,10,584637,213712
890,,591888,213712,20,67,-8,10,591888,213712
891,,591888,216239,20,67,-8,10,591888,216239
892,,591888,223427,20,67,-8,10,591888,223427
893,,445170,223427,20,67,-8,10,445170,223427
894,,445170,167104,20,74,-8,3,445170,167104
895,,347190,167104,15,74,-3,3,347190,167104
896,,459171,167104,15,74,-3,3,459171,167104
897,,459171,143748,15,76,-3,9,459171,143748
898,,641337,143748,20,76,-8,9,641337,143748
899,,641337,112574,20,67,-8,10,641337,112574
900,,570988,112574,20,67,-8,10,570988,112574
901,,570988,121561,20,67,-8,10,570988,121561
902,,642048,121561,20,67,-8,10,642048,121561
903,,642048,131652,20,76,-8,9,642048,131652
904,,642048,345040,20,67,-8,2,642048,345040
905,,734976,345040,20,67,-8,2,734976,345040
906,lower,629706,345040,20,67,-8,2,629706,345040
907,lower,629706,603260,20,55,-8,-12,629706,603260
908,both,964760,603260,39,55,-12,-12,964760,603260
909,both,964760,4050800,39,60,-12,9,964760,4050800
910,both,964760,62750090,39,60,-12,0,964760,62750090
911,both,9843680,62750090,42,60,0,0,9843680,62750090
912,both,51859550,62750090,61,60,0,0,51859550,62750090
913,both,51859550,151577375,61,60,0,0,51859550,1.5157738e+08
914,both,119353578,151577375,62,60,0,0,1.1935358e+08,1.5157738e+08
915,both,119353578,190047875,62,60,0,1,1.1935358e+08,1.9004788e+08
916,both,261436552,190047875,62,60,0,1,2.6143655e+08,1.9004788e+08
917,both,261436552,232116725,62,61,0,0,2.6143655e+08,2.3211672e+08
918,both,329407468,232116725,62,61,0,0,3.2940747e+08,2.3211672e+08
919,both,329407468,239208700,62,61,0,1,3.2940747e+08,2.392087e+08
920,both,416810847,239208700,62,61,0,1,4.1681085e+08,2.392087e+08
921,both,416810847,242175040,62,62,0,0,4.1681085e+08,2.4217504e+08
922,both,416810847,240073600,62,62,0,0,4.1681085e+08,2.400736e+08
923,both,454885375,240073600,63,62,0,0,4.5488538e+08,2.400736e+08
924,both,498283135,240073600,63,62,0,0,4.9828314e+08,2.400736e+08
925,both,498283135,241702240,63,62,0,0,4.9828314e+08,2.4170224e+08
926,both,569312125,241702240,63,62,1,0,5.6931212e+08,2.4170224e+08
927,both,569312125,234442300,63,63,1,0,5.6931212e+08,2.344423e+08
928,both,656884700,234442300,63,63,1,0,6.568847e+08,2.344423e+08
929,both,656884700,231421060,63,63,1,0,6.568847e+08,2.3142106e+08
930,both,656884700,220951640,63,63,1,1,6.568847e+08,2.2095164e+08
931,both,656884700,212792860,63,63,1,1,6.568847e+08,2.1279286e+08
932,both,664006780,212792860,63,63,1,1,6.6400678e+08,2.1279286e+08
933,both,667965870,212792860,65,63,0,1,6.6796587e+08,2.1279286e+08
934,both,550270842,212792860,63,63,0,1,5.5027084e+08,2.1279286e+08
935,both,550270842,217939618,63,63,0,0,5.5027084e+08,2.1793962e+08
936,both,447594915,217939618,62,63,0,0,4.4759492e+08,2.1793962e+08
937,both,447594915,227045316,62,60,0,1,4.4759492e+08,2.2704532e+08
938,both,447594915,204517200,62,60,0,0,4.4759492e+08,2.045172e+08
939,both,447594915,177256100,62,60,0,0,4.4759492e+08,1.772561e+08
940,both,207851527,177256100,61,60,0,0,2.0785153e+08,1.772561e+08
941,both,91295816,177256100,60,60,0,0,91295816,1.772561e+08
942,both,25329312,177256100,60,60,1,0,25329312,1.772561e+08
943,both,25329312,109643290,60,59,1,0,25329312,1.0964329e+08
944,both,7179480,109643290,61,59,0,0,7179480,1.0964329e+08
945,both,7179480,67665388,61,60,0,0,7179480,67665388
946,both,7179480,29634108,61,60,0,0,7179480,29634108
947,both,2009340,29634108,62,60,5,0,2009340,29634108
948,both,759816,29634108,68,60,-1,0,759816,29634108
949,both,759816,12679200,68,60,-1,0,759816,12679200
950,both,759816,4021200,68,60,-1,2,759816,4021200
951,lower,768611,4021200,20,60,-8,2,768611,4021200
952,lower,768611,1303539,20,63,-8,-1,768611,1303539
953,lower,688436,1303539,20,63,-8,-1,688436,1303539
954,lower,688436,702534,20,63,-8,6,688436,702534
955,lower,503608,702534,20,63,-8,6,503608,702534
956,lower,457470,702534,20,63,-8,6,457470,702534
957,lower,457470,198058,20,63,-8,6,457470,198058
958,,469755,198058,20,63,-8,6,469755,198058
959,,647218,198058,20,63,-8,6,647218,198058
960,,647218,131242,20,74,-8,3,647218,131242
961,,647218,99592,20,74,-8,3,647218,99592
962,,647218,87750,20,86,-8,-1,647218,87750
963,,647218,151164,20,67,-8,10,647218,151164
964,,781014,151164,20,67,-8,10,781014,151164
965,,725781,151164,20,67,-8,10,725781,151164
966,,687582,151164,20,67,-5,10,687582,151164
967,,608634,151164,26,67,-11,10,608634,151164
968,,608634,154700,26,67,-11,10,608634,154700
969,,608634,190400,26,67,-11,10,608634,190400
970,,456807,190400,26,67,-11,10,456807,190400
971,,456807,243712,26,67,-11,10,456807,243712
972,,349323,243712,20,67,-5,10,349323,243712
973,,349323,242816,20,67,-5,10,349323,242816
974,,440076,242816,20,67,-8,10,440076,242816
975,,669228,242816,20,67,-8,10,669228,242816
976,,669228,241732,20,67,-8,10,669228,241732
977,,669228,180630,20,67,-8,10,669228,180630
978,,669228,143775,20,67,-8,10,669228,143775
979,,669228,176790,20,67,-8,10,669228,176790
980,,762519,176790,20,67,-8,10,762519,176790
981,,653592,176790,26,67,-11,10,653592,176790
982,,653592,175296,26,67,-11,10,653592,175296
983,,530682,175296,26,67,-11,10,530682,175296
984,,530682,218944,26,67,-11,10,530682,218944
985,,560776,218944,27,67,-12,10,560776,218944
986,,560776,209614,27,67,-12,10,560776,209614
987,,560776,159064,27,67,-12,10,560776,159064
988,,498128,159064,27,67,-12,10,498128,159064
989,,373932,159064,20,67,-8,10,373932,159064
990,,373932,200128,20,67,-8,10,373932,200128
991,,381696,200128,26,67,-11,10,381696,200128
992,,381696,212848,26,67,-11,10,381696,212848
993,,507540,212848,20,67,-8,10,507540,212848
994,,507540,170178,20,67,-8,10,507540,170178
995,,477180,170178,20,67,-8,10,477180,170178
996,,446814,170178,20,67,-8,10,446814,170178
997,,446814,169839,20,67,-8,10,446814,169839
998,,446814,172845,20,67,-8,10,446814,172845
999,,580302,172845,20,67,-9,10,580302,172845
1000,,580302,186300,20,67,-9,10,580302,186300
1001,,768102,186300,20,67,-9,10,768102,186300
1002,,768102,198720,20,67,-9,10,768102,198720
1003,,752560,198720,20,67,-8,10,752560,198720
1004,,524400,198720,20,67,-8,10,524400,198720
1005,,524400,200192,20,67,-8,10,524400,200192
1006,,524400,180064,20,67,-8,10,524400,180064
1007,,490200,180064,20,67,-8,10,490200,180064
1008,,490200,150936,20,74,-8,3,490200,150936
1009,,702620,150936,20,74,-8,3,702620,150936
1010,,726313,150936,20,74,-6,3,726313,150936
1011,,726313,179208,20,74,-6,3,726313,179208
1012,,562737,179208,20,74,-6,3,562737,179208
1013,,562737,186675,20,67,-6,10,562737,186675
1014,,522858,186675,20,67,-8,10,522858,186675
1015,,507990,186675,20,67,-8,10,507990,186675
1016,,507990,198075,20,67,-8,10,507990,198075
1017,,507990,217674,20,67,-8,10,507990,217674
1018,,507990,253170,20,67,-8,10,507990,253170
1019,,393600,253170,20,67,-5,10,393600,253170
1020,,395520,253170,20,67,-5,10,395520,253170
1021,,395520,260445,20,67,-5,10,395520,260445
1022,,532098,260445,20,67,-8,10,532098,260445
1023,,408975,260445,20,67,-8,10,408975,260445
1024,,408975,163747,20,74,-8,11,408975,163747
1025,,408975,157320,20,67,-8,10,408975,157320
1026,,408975,188232,20,67,-8,10,408975,188232
1027,,427975,188232,20,67,-8,10,427975,188232
1028,,574925,188232,26,67,-11,10,574925,188232
1029,,574925,173569,26,67,-11,10,574925,173569
1030,,502425,173569,26,67,-11,10,502425,173569
1031,,502425,191893,26,67,-11,10,502425,191893
1032,,554070,191893,20,67,-8,10,554070,191893
1033,,554070,167388,20,74,-8,3,554070,167388
1034,,656190,167388,20,74,-9,3,656190,167388
1035,,656190,142080,20,74,-9,1,656190,142080
1036,,581061,142080,20,74,-9,1,581061,142080
1037,,581061,157760,20,67,-9,8,581061,157760
1038,,596277,157760,20,67,-9,8,596277,157760
1039,,596277,344630,20,53,-9,-10,596277,344630
1040,lower,596277,6566045,20,53,-9,10,596277,6566045
1041,both,1159920,6566045,68,53,-4,10,1159920,6566045
1042,both,1159920,32203590,68,55,-4,8,1159920,32203590
1043,both,2514816,32203590,59,55,3,8,2514816,32203590
1044,both,13442807,32203590,40,55,4,8,13442807,32203590
1045,both,13442807,65772390,40,55,4,7,13442807,65772390
1046,both,79823034,65772390,59,55,5,7,79823034,65772390
1047,both,79823034,119102558,59,57,5,5,79823034,1.1910256e+08
1048,both,162565218,119102558,59,57,6,5,1.6256522e+08,1.1910256e+08
1049,both,162565218,129301564,59,57,6,7,1.6256522e+08,1.2930156e+08
1050,both,162565218,135922500,59,61,6,3,1.6256522e+08,1.359225e+08
1051,both,338469399,135922500,61,61,4,3,3.384694e+08,1.359225e+08
1052,both,338469399,128497500,61,61,4,8,3.384694e+08,1.284975e+08
1053,both,338469399,139017162,61,63,4,6,3.384694e+08,1.3901716e+08
1054,both,426588511,139017162,61,63,7,6,4.2658851e+08,1.3901716e+08
1055,both,482913090,139017162,62,63,5,6,4.8291309e+08,1.3901716e+08
1056,both,468195123,139017162,62,63,5,6,4.6819512e+08,1.3901716e+08
1057,both,442405174,139017162,61,63,6,6,4.4240517e+08,1.3901716e+08
1058,both,442405174,132833689,61,64,6,3,4.4240517e+08,1.3283369e+08
1059,both,442405174,135645278,61,63,6,4,4.4240517e+08,1.3564528e+08
1060,both,253588348,135645278,61,63,3,4,2.5358835e+08,1.3564528e+08
1061,both,253588348,143371676,61,63,3,0,2.5358835e+08,1.4337168e+08
1062,both,152847942,143371676,59,63,5,0,1.5284794e+08,1.4337168e+08
1063,both,152847942,123544428,59,59,5,4,1.5284794e+08,1.2354443e+08
1064,both,152847942,86731428,59,59,5,3,1.5284794e+08,86731428
1065,both,37960389,86731428,59,59,5,3,37960389,86731428
1066,both,37960389,65052694,59,57,5,5,37960389,65052694
1067,both,9597579,65052694,59,57,5,5,9597579,65052694
1068,both,9597579,24984463,59,57,5,5,9597579,24984463
1069,both,9597579,11135172,59,56,5,6,9597579,11135172
1070,both,1926768,11135172,41,56,0,6,1926768,11135172
1071,lower,641136,11135172,20,56,-8,6,641136,11135172
1072,lower,641136,3232804,20,57,-8,12,641136,3232804
1073,lower,470022,3232804,20,57,-5,12,470022,3232804
1074,lower,470022,805318,20,60,-5,9,470022,805318
1075,lower,537075,805318,20,60,-5,9,537075,805318
1076,lower,537075,348210,20,63,-5,6,537075,348210
1077,,537075,116691,20,41,-5,-5,537075,116691
1078,,719400,116691,20,41,-8,-5,719400,116691
1079,,795264,116691,21,41,-9,-5,795264,116691
1080,,795264,111069,21,67,-9,10,795264,111069
1081,,799824,111069,21,67,-6,10,799824,111069
1082,,799824,195822,21,67,-6,10,799824,195822
1083,,657750,195822,27,67,-12,10,657750,195822
1084,,657750,185196,27,67,-12,10,657750,185196
1085,,657750,189954,27,67,-12,10,657750,189954
1086,,630585,189954,26,67,-12,10,630585,189954
1087,,522064,189954,20,67,-8,10,522064,189954
1088,,522064,169713,20,67,-8,10,522064,169713
1089,,460560,169713,68,67,1,10,460560,169713
1090,,460560,163827,68,67,1,10,460560,163827
1091,,513282,163827,68,67,1,10,513282,163827
1092,,648000,163827,26,67,-12,10,648000,163827
1093,,648000,185871,26,67,-12,10,648000,185871
1094,,454832,185871,20,67,-8,10,454832,185871
1095,,454832,186984,20,67,-8,10,454832,186984
1096,,454832,180432,20,67,-8,10,454832,180432
1097,,454832,135324,20,74,-8,3,454832,135324
1098,,457380,135324,27,74,-12,3,457380,135324
1099,,533876,135324,19,74,-7,3,533876,135324
1100,,644000,135324,19,74,-7,3,644000,135324
1101,,882000,135324,19,74,-7,3,882000,135324
1102,,882000,137214,19,74,-7,3,882000,137214
1103,,882000,156453,19,67,-7,10,882000,156453
1104,,882000,177141,19,67,-7,10,882000,177141
1105,,882000,225570,19,67,-7,8,882000,225570
1106,,701190,225570,19,67,-7,8,701190,225570
1107,,539805,225570,20,67,-8,8,539805,225570
1108,,599557,225570,20,67,-8,8,599557,225570
1109,,599557,216815,20,67,-8,10,599557,216815
1110,,599557,216815,20,67,-8,10,599557,216815
1111,,526268,216815,19,67,-7,10,526268,216815
1112,,526268,155015,19,67,-7,10,526268,155015
1113,,577524,155015,19,67,-12,10,577524,155015
1114,,560425,155015,26,67,0,10,560425,155015
1115,,560425,171871,26,67,0,10,560425,171871
1116,,572880,171871,20,67,-8,10,572880,171871
1117,,462000,171871,20,67,-8,10,462000,171871
1118,,462000,196424,20,67,-8,10,462000,196424
1119,,462000,179912,20,67,-8,10,462000,179912
1120,,462000,201355,20,67,-8,8,462000,201355
1121,,385350,201355,20,67,-8,8,385350,201355
1122,,507194,201355,20,67,-8,8,507194,201355
1123,,507194,168245,20,74,-8,1,507194,168245
1124,,669579,168245,20,74,-8,1,669579,168245
1125,,669579,133285,20,74,-8,3,669579,133285
1126,,669579,171396,20,18,-8,-9,669579,171396
1127,,952527,171396,20,18,-8,-9,952527,171396
1128,,952527,190292,20,67,-8,10,952527,190292
1129,,677287,190292,20,67,-8,10,677287,190292
1130,,366624,190292,26,67,-11,10,366624,190292
1131,,366624,197028,26,74,-11,3,366624,197028
1132,,455265,197028,26,74,-11,3,455265,197028
1133,,455265,182520,26,74,-11,3,455265,182520
1134,,455265,225810,26,67,-11,10,455265,225810
1135,,587190,225810,20,67,-8,10,587190,225810
1136,,554001,225810,20,67,-8,10,554001,225810
1137,,554001,220350,20,67,-8,10,554001,220350
1138,,554001,206225,20,67,-8,10,554001,206225
1139,,624309,206225,20,67,-8,10,624309,206225
1140,,624309,139795,20,74,-8,3,624309,139795
1141,,674177,139795,20,74,-8,3,674177,139795
1142,,674177,153200,20,74,-8,3,674177,153200
1143,,674177,157600,20,67,-8,10,674177,157600
1144,,426018,157600,20,67,-5,10,426018,157600
1145,,518130,157600,20,67,-5,10,518130,157600
1146,,865260,157600,20,67,-8,10,865260,157600
1147,,865260,131990,20,67,-8,10,865260,131990
1148,,979110,131990,26,67,-12,10,979110,131990
1149,,979110,179560,26,67,-12,10,979110,179560
1150,,979110,189208,26,67,-12,10,979110,189208
1151,,979110,192032,26,67,-12,10,979110,192032
1152,,728892,192032,21,67,-10,10,728892,192032
1153,,459726,192032,20,67,-9,10,459726,192032
1154,,494466,192032,20,67,-8,10,494466,192032
1155,,494466,161805,20,76,-8,9,494466,161805
1156,,584136,161805,19,76,-7,9,584136,161805
1157,,584136,165186,19,76,-7,9,584136,165186
1158,,584136,184620,19,67,-7,10,584136,184620
1159,,584136,174122,19,67,-7,10,584136,174122
1160,,824904,174122,19,67,-7,10,824904,174122
1161,,669330,174122,20,67,-8,10,669330,174122
